CENSUS CITIES,,CENSUS,Dirty,
Aberdeen,,Bernards,Basking Ridge,Basking Ridge NJ
Absecon,,township,Bergen,Bergen NJ
Alexandria,,Gloucester,Blackwood,Blackwood NJ
Allamuchy,,Hanover,Cedar Knolls,Cedar Knolls NJ
Allendale,,Ridgefield Park,East Ridgefield,East Ridgefield NJ
Allenhurst,,Fair Lawn,Fairlawn,Fairlawn NJ
Allentown,,Lacey,Forked River,Forked River NJ
Alloway,,Franklin,Franklin Park,Franklin Park NJ
Alpha,,Long Hill,Gillette,Gillette NJ
Alpine,,Woodbridge,Iselin,Iselin NJ
Andover,,Lawrence,Lawrenceville,Lawrenceville NJ
Andover,,Lawrence,Lawrenceville,Lawrenceville NJ
Asbury Park,,Lawrence,Lawrenceville,Lawrenceville NJ
Atlantic City,,Lawrence,Lawrenceville,Lawrenceville NJ
Atlantic Highlands,,Lawrence,Lawrenceville,Lawrenceville NJ
Audubon,,Middletown,Lincroft,Lincroft NJ
Audubon Park,,Stafford,Manahawkin,Manahawkin NJ
Avalon,,Hamilton,Mays Landing,Mays Landing NJ
Avon-by-the-Sea,,Matawan,Morganville,Morganville NJ
Barnegat,,Ocean,Oakhurst,Oakhurst NJ
Barnegat Light,,Penns Grove,Pennsgrove,Pennsgrove NJ
Barrington,,Galloway,Pomona,Pomona NJ
Bass River,,Princeton Township,Princeton,Princeton NJ
Bay Head,,Princeton Township,Princeton,Princeton NJ
Bayonne,,Middle,Rio Grande,Rio Grande NJ
Beach Haven,,Mantua,Sewell,Sewell NJ
Beachwood,,Mantua,Sewell,Sewell NJ
Bedminster,,Millburn,Short Hills,Short Hills NJ
Belleville,,Millburn,Shorthills,Shorthills NJ
Bellmawr,,Winslow,Sicklerville,Sicklerville NJ
Belmar,,Winslow,Sicklerville,Sicklerville NJ
Belvidere,,Franklin,Somerset,Somerset NJ
Bergenfield,,South Orange Village,South Orange,South Orange NJ
Berkeley,,Washington,Turnersville,Turnersville NJ
Berkeley Heights,,Washington,Turnersville,Turnersville NJ
Berlin,,Hamilton,Yardville,Yardville NJ
Berlin,,,,
Bernards,,,,
Bernardsville,,,,
Bethlehem,,,,
Beverly,,,,
Blairstown,,,,
Bloomfield,,,,
Bloomingdale,,,,
Bloomsbury,,,,
Bogota,,,,
Boonton,,,,
Boonton,,,,
Bordentown,,,,
Bordentown,,,,
Bound Brook,,,,
Bradley Beach,,,,
Branchburg,,,,
Branchville,,,,
Brick,,,,
Bridgeton,,,,
Bridgewater,,,,
Brielle,,,,
Brigantine,,,,
Brooklawn,,,,
Buena,,,,
Buena Vista,,,,
Burlington,,,,
Burlington,,,,
Butler,,,,
Byram,,,,
Caldwell,,,,
Califon,,,,
Camden,,,,
Cape May,,,,
Cape May Point,,,,
Carlstadt,,,,
Carneys Point,,,,
Carteret,,,,
Cedar Grove,,,,
Chatham,,,,
Chatham,,,,
Cherry Hill,,,,
Chesilhurst,,,,
Chester,,,,
Chester,,,,
Chesterfield,,,,
Cinnaminson,,,,
City of Orange,,,,
Clark,,,,
Clayton,,,,
Clementon,,,,
Cliffside Park,,,,
Clifton,,,,
Clinton,,,,
Clinton,,,,
Closter,,,,
Collingswood,,,,
Colts Neck,,,,
Commercial,,,,
Corbin City,,,,
County subdivisions not,,,,
County subdivisions not,,,,
County subdivisions not,,,,
County subdivisions not,,,,
County subdivisions not,,,,
Cranbury,,,,
Cranford,,,,
Cresskill,,,,
Deal,,,,
Deerfield,,,,
Delanco,,,,
Delaware,,,,
Delran,,,,
Demarest,,,,
Dennis,,,,
Denville,,,,
Deptford,,,,
Dover,,,,
Downe,,,,
Dumont,,,,
Dunellen,,,,
Eagleswood,,,,
East Amwell,,,,
East Brunswick,,,,
East Greenwich,,,,
East Hanover,,,,
East Newark,,,,
East Orange,,,,
East Rutherford,,,,
East Windsor,,,,
Eastampton,,,,
Eatontown,,,,
Edgewater,,,,
Edgewater Park,,,,
Edison,,,,
Egg Harbor,,,,
Egg Harbor City,,,,
Elizabeth,,,,
Elk,,,,
Elmer,,,,
Elmwood Park,,,,
Elsinboro,,,,
Emerson,,,,
Englewood,,,,
Englewood Cliffs,,,,
Englishtown,,,,
Essex Fells,,,,
Estell Manor,,,,
Evesham,,,,
Ewing,,,,
Fair Haven,,,,
Fair Lawn,,,,
Fairfield,,,,
Fairfield,,,,
Fairview,,,,
Fanwood,,,,
Far Hills,,,,
Farmingdale,,,,
Fieldsboro,,,,
Flemington,,,,
Florence,,,,
Florham Park,,,,
Folsom,,,,
Fort Lee,,,,
Frankford,,,,
Franklin,,,,
Franklin,,,,
Franklin,,,,
Franklin,,,,
Franklin,,,,
Franklin Lakes,,,,
Fredon,,,,
Freehold,,,,
Freehold,,,,
Frelinghuysen,,,,
Frenchtown,,,,
Galloway,,,,
Garfield,,,,
Garwood,,,,
Gibbsboro,,,,
Glassboro,,,,
Glen Gardner,,,,
Glen Ridge,,,,
Glen Rock,,,,
Gloucester,,,,
Gloucester City,,,,
Green,,,,
Green Brook,,,,
Greenwich,,,,
Greenwich,,,,
Greenwich,,,,
Guttenberg,,,,
Hackensack,,,,
Hackettstown,,,,
Haddon,,,,
Haddon Heights,,,,
Haddonfield,,,,
Hainesport,,,,
Haledon,,,,
Hamburg,,,,
Hamilton,,,,
Hamilton,,,,
Hammonton,,,,
Hampton,,,,
Hampton,,,,
Hanover,,,,
Harding,,,,
Hardwick,,,,
Hardyston,,,,
Harmony,,,,
Harrington Park,,,,
Harrison,,,,
Harrison,,,,
Harvey Cedars,,,,
Hasbrouck Heights,,,,
Haworth,,,,
Hawthorne,,,,
Hazlet,,,,
Helmetta,,,,
High Bridge,,,,
Highland Park,,,,
Highlands,,,,
Hightstown,,,,
Hillsborough,,,,
Hillsdale,,,,
Hillside,,,,
Hi-Nella,,,,
Hoboken,,,,
Ho-Ho-Kus,,,,
Holland,,,,
Holmdel,,,,
Hopatcong,,,,
Hope,,,,
Hopewell,,,,
Hopewell,,,,
Hopewell,,,,
Howell,,,,
Independence,,,,
Interlaken,,,,
Irvington,,,,
Island Heights,,,,
Jackson,,,,
Jamesburg,,,,
Jefferson,,,,
Jersey City,,,,
Keansburg,,,,
Kearny,,,,
Kenilworth,,,,
Keyport,,,,
Kingwood,,,,
Kinnelon,,,,
Knowlton,,,,
Lacey,,,,
Lafayette,,,,
Lake Como,,,,
Lakehurst,,,,
Lakewood,,,,
Lambertville,,,,
Laurel Springs,,,,
Lavallette,,,,
Lawnside,,,,
Lawrence,,,,
Lawrence,,,,
Lebanon,,,,
Lebanon,,,,
Leonia,,,,
Liberty,,,,
Lincoln Park,,,,
Linden,,,,
Lindenwold,,,,
Linwood,,,,
Little Egg Harbor,,,,
Little Falls,,,,
Little Ferry,,,,
Little Silver,,,,
Livingston,,,,
Loch Arbour,,,,
Lodi,,,,
Logan,,,,
Long Beach,,,,
Long Branch,,,,
Long Hill,,,,
Longport,,,,
Lopatcong,,,,
Lower,,,,
Lower Alloways Creek,,,,
Lumberton,,,,
Lyndhurst,,,,
Madison,,,,
Magnolia,,,,
Mahwah,,,,
Manalapan,,,,
Manasquan,,,,
Manchester,,,,
Mannington,,,,
Mansfield,,,,
Mansfield,,,,
Mantoloking,,,,
Mantua,,,,
Manville,,,,
Maple Shade,,,,
Maplewood,,,,
Margate City,,,,
Marlboro,,,,
Matawan,,,,
Maurice River,,,,
Maywood,,,,
Medford,,,,
Medford Lakes,,,,
Mendham,,,,
Mendham,,,,
Merchantville,,,,
Metuchen,,,,
Middle,,,,
Middlesex,,,,
Middletown,,,,
Midland Park,,,,
Milford,,,,
Millburn,,,,
Millstone,,,,
Millstone,,,,
Milltown,,,,
Millville,,,,
Mine Hill,,,,
Monmouth Beach,,,,
Monroe,,,,
Monroe,,,,
Montague,,,,
Montclair,,,,
Montgomery,,,,
Montvale,,,,
Montville,,,,
Moonachie,,,,
Moorestown,,,,
Morris,,,,
Morris Plains,,,,
Morristown,,,,
Mount Arlington,,,,
Mount Ephraim,,,,
Mount Holly,,,,
Mount Laurel,,,,
Mount Olive,,,,
Mountain Lakes,,,,
Mountainside,,,,
Mullica,,,,
National Park,,,,
Neptune,,,,
Neptune City,,,,
Netcong,,,,
New Brunswick,,,,
New Hanover,,,,
New Milford,,,,
New Providence,,,,
Newark,,,,
Newfield,,,,
Newton,,,,
North Arlington,,,,
North Bergen,,,,
North Brunswick,,,,
North Caldwell,,,,
North Haledon,,,,
North Hanover,,,,
North Plainfield,,,,
North Wildwood,,,,
Northfield,,,,
Northvale,,,,
Norwood,,,,
Nutley,,,,
Oakland,,,,
Oaklyn,,,,
Ocean,,,,
Ocean,,,,
Ocean City,,,,
Ocean Gate,,,,
Oceanport,,,,
Ogdensburg,,,,
Old Bridge,,,,
Old Tappan,,,,
Oldmans,,,,
Oradell,,,,
Oxford,,,,
Palisades Park,,,,
Palmyra,,,,
Paramus,,,,
Park Ridge,,,,
Parsippany-Troy Hills,,,,
Passaic,,,,
Paterson,,,,
Paulsboro,,,,
Peapack and Gladstone,,,,
Pemberton,,,,
Pemberton,,,,
Pennington,,,,
Penns Grove,,,,
Pennsauken,,,,
Pennsville,,,,
Pequannock,,,,
Perth Amboy,,,,
Phillipsburg,,,,
Pilesgrove,,,,
Pine Beach,,,,
Pine Hill,,,,
Pine Valley,,,,
Piscataway,,,,
Pitman,,,,
Pittsgrove,,,,
Plainfield,,,,
Plainsboro,,,,
Pleasantville,,,,
Plumsted,,,,
Pohatcong,,,,
Point Pleasant,,,,
Point Pleasant Beach,,,,
Pompton Lakes,,,,
Port Republic,,,,
Prospect Park,,,,
Quinton,,,,
Rahway,,,,
Ramsey,,,,
Randolph,,,,
Raritan,,,,
Raritan,,,,
Readington,,,,
Red Bank,,,,
Ridgefield,,,,
Ridgefield Park,,,,
Ridgewood,,,,
Ringwood,,,,
River Edge,,,,
River Vale,,,,
Riverdale,,,,
Riverside,,,,
Riverton,,,,
Robbinsville,,,,
Rochelle Park,,,,
Rockaway,,,,
Rockaway,,,,
Rockleigh,,,,
Rocky Hill,,,,
Roosevelt,,,,
Roseland,,,,
Roselle,,,,
Roselle Park,,,,
Roxbury,,,,
Rumson,,,,
Runnemede,,,,
Rutherford,,,,
Saddle Brook,,,,
Saddle River,,,,
Salem,,,,
Sandyston,,,,
Sayreville,,,,
Scotch Plains,,,,
Sea Bright,,,,
Sea Girt,,,,
Sea Isle City,,,,
Seaside Heights,,,,
Seaside Park,,,,
Secaucus,,,,
Shamong,,,,
Shiloh,,,,
Ship Bottom,,,,
Shrewsbury,,,,
Shrewsbury,,,,
Somerdale,,,,
Somers Point,,,,
Somerville,,,,
South Amboy,,,,
South Bound Brook,,,,
South Brunswick,,,,
South Hackensack,,,,
South Harrison,,,,
South Orange Village,,,,
South Plainfield,,,,
South River,,,,
South Toms River,,,,
Southampton,,,,
Sparta,,,,
Spotswood,,,,
Spring Lake,,,,
Spring Lake Heights,,,,
Springfield,,,,
Springfield,,,,
Stafford,,,,
Stanhope,,,,
Stillwater,,,,
Stockton,,,,
Stone Harbor,,,,
Stow Creek,,,,
Stratford,,,,
Summit,,,,
Surf City,,,,
Sussex,,,,
Swedesboro,,,,
Tabernacle,,,,
Tavistock,,,,
Teaneck,,,,
Tenafly,,,,
Teterboro,,,,
Tewksbury,,,,
Tinton Falls,,,,
Toms River,,,,
Totowa,,,,
Trenton,,,,
Tuckerton,,,,
Union,,,,
Union,,,,
Union Beach,,,,
Union City,,,,
Upper,,,,
Upper Deerfield,,,,
Upper Freehold,,,,
Upper Pittsgrove,,,,
Upper Saddle River,,,,
Ventnor City,,,,
Vernon,,,,
Verona,,,,
Victory Gardens,,,,
Vineland,,,,
Voorhees,,,,
Waldwick,,,,
Wall,,,,
Wallington,,,,
Walpack,,,,
Wanaque,,,,
Wantage,,,,
Warren,,,,
Washington,,,,
Washington,,,,
Washington,,,,
Washington,,,,
Washington,,,,
Washington,,,,
Watchung,,,,
Waterford,,,,
Wayne,,,,
Weehawken,,,,
Wenonah,,,,
West Amwell,,,,
West Caldwell,,,,
West Cape May,,,,
West Deptford,,,,
West Long Branch,,,,
West Milford,,,,
West New York,,,,
West Orange,,,,
West Wildwood,,,,
West Windsor,,,,
Westampton,,,,
Westfield,,,,
Westville,,,,
Westwood,,,,
Weymouth,,,,
Wharton,,,,
White,,,,
Wildwood,,,,
Wildwood Crest,,,,
Willingboro,,,,
Winfield,,,,
Winslow,,,,
Woodbine,,,,
Woodbridge,,,,
Woodbury,,,,
Woodbury Heights,,,,
Woodcliff Lake,,,,
Woodland,,,,
Woodland Park,,,,
Woodlynne,,,,
Wood-Ridge,,,,
Woodstown,,,,
Woolwich,,,,
Wrightstown,,,,
Wyckoff,,,,
